States,Regions,latitude,longitude,Dates,Usage
Punjab,NR,31.51997398,75.98000281,02/01/2019,119.9
Haryana,NR,28.45000633,77.01999101,02/01/2019,130.3
Rajasthan,NR,26.44999921,74.63998124,02/01/2019,234.1
Delhi,NR,28.6699929,77.23000403,02/01/2019,85.8
UP,NR,27.59998069,78.05000565,02/01/2019,313.9
Uttarakhand,NR,30.32040895,78.05000565,02/01/2019,40.7
HP,NR,31.10002545,77.16659704,02/01/2019,30
J&K,NR,33.45,76.24,02/01/2019,52.5
Chandigarh,NR,30.71999697,76.78000565,02/01/2019,5
Chhattisgarh,WR,22.09042035,82.15998734,02/01/2019,78.7
Gujarat,WR,22.2587,71.1924,02/01/2019,319.5
MP,WR,21.30039105,76.13001949,02/01/2019,253
Maharashtra,WR,19.25023195,73.16017493,02/01/2019,428.6
Goa,WR,15.491997,73.81800065,02/01/2019,12.8
DNH,WR,20.26657819,73.0166178,02/01/2019,18.6
"Andhra Pradesh",SR,14.7504291,78.57002559,02/01/2019,164.6
Telangana,SR,18.1124,79.0193,02/01/2019,204.2
Karnataka,SR,12.57038129,76.91999711,02/01/2019,206.3
Kerala,SR,8.900372741,76.56999263,02/01/2019,72.7
"Tamil Nadu",SR,12.92038576,79.15004187,02/01/2019,268.3
Pondy,SR,11.93499371,79.83000037,02/01/2019,6.3
Bihar,ER,25.78541445,87.4799727,02/01/2019,82.3
Jharkhand,ER,23.80039349,86.41998572,02/01/2019,24.8
Odisha,ER,19.82042971,85.90001746,02/01/2019,70.2
"West Bengal",ER,22.58039044,88.32994665,02/01/2019,108.2
Sikkim,ER,27.3333303,88.6166475,02/01/2019,2
"Arunachal Pradesh",NER,27.10039878,93.61660071,02/01/2019,2.1
Assam,NER,26.7499809,94.21666744,02/01/2019,21.7
Manipur,NER,24.79997072,93.95001705,02/01/2019,2.7
Meghalaya,NER,25.57049217,91.8800142,02/01/2019,6.1
Mizoram,NER,23.71039899,92.72001461,02/01/2019,1.9
Nagaland,NER,25.6669979,94.11657019,02/01/2019,2.2
Tripura,NER,23.83540428,91.27999914,02/01/2019,3.4
Punjab,NR,31.51997398,75.98000281,03/01/2019,121.9
Haryana,NR,28.45000633,77.01999101,03/01/2019,133.5
Rajasthan,NR,26.44999921,74.63998124,03/01/2019,240.2
Delhi,NR,28.6699929,77.23000403,03/01/2019,85.5
UP,NR,27.59998069,78.05000565,03/01/2019,311.8
Uttarakhand,NR,30.32040895,78.05000565,03/01/2019,39.3
HP,NR,31.10002545,77.16659704,03/01/2019,30.1
J&K,NR,33.45,76.24,03/01/2019,54.1
Chandigarh,NR,30.71999697,76.78000565,03/01/2019,4.9
Chhattisgarh,WR,22.09042035,82.15998734,03/01/2019,78.8
Gujarat,WR,22.2587,71.1924,03/01/2019,316.7
MP,WR,21.30039105,76.13001949,03/01/2019,253.6
Maharashtra,WR,19.25023195,73.16017493,03/01/2019,419.6
Goa,WR,15.491997,73.81800065,03/01/2019,13.7
DNH,WR,20.26657819,73.0166178,03/01/2019,18.2
"Andhra Pradesh",SR,14.7504291,78.57002559,03/01/2019,170.1
Telangana,SR,18.1124,79.0193,03/01/2019,204.5
Karnataka,SR,12.57038129,76.91999711,03/01/2019,212.2
Kerala,SR,8.900372741,76.56999263,03/01/2019,73.6
"Tamil Nadu",SR,12.92038576,79.15004187,03/01/2019,285.2
Pondy,SR,11.93499371,79.83000037,03/01/2019,6.5
Bihar,ER,25.78541445,87.4799727,03/01/2019,82
Jharkhand,ER,23.80039349,86.41998572,03/01/2019,25.6
Odisha,ER,19.82042971,85.90001746,03/01/2019,67.9
"West Bengal",ER,22.58039044,88.32994665,03/01/2019,110.2
Sikkim,ER,27.3333303,88.6166475,03/01/2019,1.9
"Arunachal Pradesh",NER,27.10039878,93.61660071,03/01/2019,2.2
Assam,NER,26.7499809,94.21666744,03/01/2019,23.4
Manipur,NER,24.79997072,93.95001705,03/01/2019,2.4
Meghalaya,NER,25.57049217,91.8800142,03/01/2019,6.5
Mizoram,NER,23.71039899,92.72001461,03/01/2019,1.8
Nagaland,NER,25.6669979,94.11657019,03/01/2019,2.2
Tripura,NER,23.83540428,91.27999914,03/01/2019,3.6
Punjab,NR,31.51997398,75.98000281,04/01/2019,118.8
Haryana,NR,28.45000633,77.01999101,04/01/2019,128.2
Rajasthan,NR,26.44999921,74.63998124,04/01/2019,239.8
Delhi,NR,28.6699929,77.23000403,04/01/2019,83.5
UP,NR,27.59998069,78.05000565,04/01/2019,320.7
Uttarakhand,NR,30.32040895,78.05000565,04/01/2019,38.1
HP,NR,31.10002545,77.16659704,04/01/2019,30.1
J&K,NR,33.45,76.24,04/01/2019,53.2
Chandigarh,NR,30.71999697,76.78000565,04/01/2019,4.8
Chhattisgarh,WR,22.09042035,82.15998734,04/01/2019,74.8
Gujarat,WR,22.2587,71.1924,04/01/2019,301.9
MP,WR,21.30039105,76.13001949,04/01/2019,239.3
Maharashtra,WR,19.25023195,73.16017493,04/01/2019,395.8
Goa,WR,15.491997,73.81800065,04/01/2019,12.6
DNH,WR,20.26657819,73.0166178,04/01/2019,16.7
"Andhra Pradesh",SR,14.7504291,78.57002559,04/01/2019,165.2
Telangana,SR,18.1124,79.0193,04/01/2019,201.2
Karnataka,SR,12.57038129,76.91999711,04/01/2019,205.3
Kerala,SR,8.900372741,76.56999263,04/01/2019,73.4
"Tamil Nadu",SR,12.92038576,79.15004187,04/01/2019,270.3
Pondy,SR,11.93499371,79.83000037,04/01/2019,6.4
Bihar,ER,25.78541445,87.4799727,04/01/2019,82.9
Jharkhand,ER,23.80039349,86.41998572,04/01/2019,26.3
Odisha,ER,19.82042971,85.90001746,04/01/2019,66.3
"West Bengal",ER,22.58039044,88.32994665,04/01/2019,106.8
Sikkim,ER,27.3333303,88.6166475,04/01/2019,1.7
"Arunachal Pradesh",NER,27.10039878,93.61660071,04/01/2019,2.2
Assam,NER,26.7499809,94.21666744,04/01/2019,21.7
Manipur,NER,24.79997072,93.95001705,04/01/2019,2.4
Meghalaya,NER,25.57049217,91.8800142,04/01/2019,6.3
Mizoram,NER,23.71039899,92.72001461,04/01/2019,1.7
Nagaland,NER,25.6669979,94.11657019,04/01/2019,2.2
Tripura,NER,23.83540428,91.27999914,04/01/2019,3.5
Punjab,NR,31.51997398,75.98000281,05/01/2019,121
Haryana,NR,28.45000633,77.01999101,05/01/2019,127.5
Rajasthan,NR,26.44999921,74.63998124,05/01/2019,239.1
Delhi,NR,28.6699929,77.23000403,05/01/2019,79.2
UP,NR,27.59998069,78.05000565,05/01/2019,299
Uttarakhand,NR,30.32040895,78.05000565,05/01/2019,39.2
HP,NR,31.10002545,77.16659704,05/01/2019,30.2
J&K,NR,33.45,76.24,05/01/2019,51.5
Chandigarh,NR,30.71999697,76.78000565,05/01/2019,4.3
Chhattisgarh,WR,22.09042035,82.15998734,05/01/2019,69
Gujarat,WR,22.2587,71.1924,05/01/2019,313.2
MP,WR,21.30039105,76.13001949,05/01/2019,228.2
Maharashtra,WR,19.25023195,73.16017493,05/01/2019,411.1
Goa,WR,15.491997,73.81800065,05/01/2019,13
DNH,WR,20.26657819,73.0166178,05/01/2019,17.6
"Andhra Pradesh",SR,14.7504291,78.57002559,05/01/2019,167.4
Telangana,SR,18.1124,79.0193,05/01/2019,201.7
Karnataka,SR,12.57038129,76.91999711,05/01/2019,212.4
Kerala,SR,8.900372741,76.56999263,05/01/2019,75.4
"Tamil Nadu",SR,12.92038576,79.15004187,05/01/2019,286.8
Pondy,SR,11.93499371,79.83000037,05/01/2019,6.6
Bihar,ER,25.78541445,87.4799727,05/01/2019,77
Jharkhand,ER,23.80039349,86.41998572,05/01/2019,23
Odisha,ER,19.82042971,85.90001746,05/01/2019,65.8
"West Bengal",ER,22.58039044,88.32994665,05/01/2019,107
Sikkim,ER,27.3333303,88.6166475,05/01/2019,2
"Arunachal Pradesh",NER,27.10039878,93.61660071,05/01/2019,2.2
Assam,NER,26.7499809,94.21666744,05/01/2019,22.5
Manipur,NER,24.79997072,93.95001705,05/01/2019,2.7
Meghalaya,NER,25.57049217,91.8800142,05/01/2019,5.7
Mizoram,NER,23.71039899,92.72001461,05/01/2019,1.8
Nagaland,NER,25.6669979,94.11657019,05/01/2019,2.3
Tripura,NER,23.83540428,91.27999914,05/01/2019,3.5
Punjab,NR,31.51997398,75.98000281,06/01/2019,121.4
Haryana,NR,28.45000633,77.01999101,06/01/2019,132.6
Rajasthan,NR,26.44999921,74.63998124,06/01/2019,240.4
Delhi,NR,28.6699929,77.23000403,06/01/2019,76.6
UP,NR,27.59998069,78.05000565,06/01/2019,286.8
Uttarakhand,NR,30.32040895,78.05000565,06/01/2019,39.2
HP,NR,31.10002545,77.16659704,06/01/2019,31
J&K,NR,33.45,76.24,06/01/2019,53.2
Chandigarh,NR,30.71999697,76.78000565,06/01/2019,4.3
Chhattisgarh,WR,22.09042035,82.15998734,06/01/2019,68.1
Gujarat,WR,22.2587,71.1924,06/01/2019,320.7
MP,WR,21.30039105,76.13001949,06/01/2019,227.4
Maharashtra,WR,19.25023195,73.16017493,06/01/2019,408.6
Goa,WR,15.491997,73.81800065,06/01/2019,12.9
DNH,WR,20.26657819,73.0166178,06/01/2019,18.6
"Andhra Pradesh",SR,14.7504291,78.57002559,06/01/2019,171.2
Telangana,SR,18.1124,79.0193,06/01/2019,194.9
Karnataka,SR,12.57038129,76.91999711,06/01/2019,217.5
Kerala,SR,8.900372741,76.56999263,06/01/2019,75.4
"Tamil Nadu",SR,12.92038576,79.15004187,06/01/2019,298.3
Pondy,SR,11.93499371,79.83000037,06/01/2019,7.2
Bihar,ER,25.78541445,87.4799727,06/01/2019,76.4
Jharkhand,ER,23.80039349,86.41998572,06/01/2019,22.6
Odisha,ER,19.82042971,85.90001746,06/01/2019,62.9
"West Bengal",ER,22.58039044,88.32994665,06/01/2019,106.4
Sikkim,ER,27.3333303,88.6166475,06/01/2019,2
"Arunachal Pradesh",NER,27.10039878,93.61660071,06/01/2019,2.2
Assam,NER,26.7499809,94.21666744,06/01/2019,21.7
Manipur,NER,24.79997072,93.95001705,06/01/2019,2.7
Meghalaya,NER,25.57049217,91.8800142,06/01/2019,6.2
Mizoram,NER,23.71039899,92.72001461,06/01/2019,1.9
Nagaland,NER,25.6669979,94.11657019,06/01/2019,2.3
Tripura,NER,23.83540428,91.27999914,06/01/2019,3.3
Punjab,NR,31.51997398,75.98000281,07/01/2019,118
Haryana,NR,28.45000633,77.01999101,07/01/2019,132.1
Rajasthan,NR,26.44999921,74.63998124,07/01/2019,241.9
Delhi,NR,28.6699929,77.23000403,07/01/2019,71.1
UP,NR,27.59998069,78.05000565,07/01/2019,294.2
Uttarakhand,NR,30.32040895,78.05000565,07/01/2019,40.1
HP,NR,31.10002545,77.16659704,07/01/2019,30.1
J&K,NR,33.45,76.24,07/01/2019,53.3
Chandigarh,NR,30.71999697,76.78000565,07/01/2019,4
Chhattisgarh,WR,22.09042035,82.15998734,07/01/2019,73.1
Gujarat,WR,22.2587,71.1924,07/01/2019,319.4
MP,WR,21.30039105,76.13001949,07/01/2019,230.3
Maharashtra,WR,19.25023195,73.16017493,07/01/2019,408.1
Goa,WR,15.491997,73.81800065,07/01/2019,12.7
DNH,WR,20.26657819,73.0166178,07/01/2019,18.3
"Andhra Pradesh",SR,14.7504291,78.57002559,07/01/2019,166.4
Telangana,SR,18.1124,79.0193,07/01/2019,191.9
Karnataka,SR,12.57038129,76.91999711,07/01/2019,217.4
Kerala,SR,8.900372741,76.56999263,07/01/2019,74.9
"Tamil Nadu",SR,12.92038576,79.15004187,07/01/2019,294.2
Pondy,SR,11.93499371,79.83000037,07/01/2019,7
Bihar,ER,25.78541445,87.4799727,07/01/2019,75.3
Jharkhand,ER,23.80039349,86.41998572,07/01/2019,23.9
Odisha,ER,19.82042971,85.90001746,07/01/2019,64
"West Bengal",ER,22.58039044,88.32994665,07/01/2019,109.3
Sikkim,ER,27.3333303,88.6166475,07/01/2019,1.5
"Arunachal Pradesh",NER,27.10039878,93.61660071,07/01/2019,2.2
Assam,NER,26.7499809,94.21666744,07/01/2019,21.4
Manipur,NER,24.79997072,93.95001705,07/01/2019,2.5
Meghalaya,NER,25.57049217,91.8800142,07/01/2019,6.1
Mizoram,NER,23.71039899,92.72001461,07/01/2019,1.8
Nagaland,NER,25.6669979,94.11657019,07/01/2019,2.3
Tripura,NER,23.83540428,91.27999914,07/01/2019,3.3
Punjab,NR,31.51997398,75.98000281,08/01/2019,107.5
Haryana,NR,28.45000633,77.01999101,08/01/2019,121.4
Rajasthan,NR,26.44999921,74.63998124,08/01/2019,237.2
Delhi,NR,28.6699929,77.23000403,08/01/2019,69
UP,NR,27.59998069,78.05000565,08/01/2019,289.4
Uttarakhand,NR,30.32040895,78.05000565,08/01/2019,37
HP,NR,31.10002545,77.16659704,08/01/2019,29.2
J&K,NR,33.45,76.24,08/01/2019,51.2
Chandigarh,NR,30.71999697,76.78000565,08/01/2019,3.8
Chhattisgarh,WR,22.09042035,82.15998734,08/01/2019,74.2
Gujarat,WR,22.2587,71.1924,08/01/2019,307.9
MP,WR,21.30039105,76.13001949,08/01/2019,228.8
Maharashtra,WR,19.25023195,73.16017493,08/01/2019,398.2
Goa,WR,15.491997,73.81800065,08/01/2019,10.9
DNH,WR,20.26657819,73.0166178,08/01/2019,18.1
"Andhra Pradesh",SR,14.7504291,78.57002559,08/01/2019,160.8
Telangana,SR,18.1124,79.0193,08/01/2019,190.8
Karnataka,SR,12.57038129,76.91999711,08/01/2019,201
Kerala,SR,8.900372741,76.56999263,08/01/2019,68.2
"Tamil Nadu",SR,12.92038576,79.15004187,08/01/2019,279.2
Pondy,SR,11.93499371,79.83000037,08/01/2019,6.5
Bihar,ER,25.78541445,87.4799727,08/01/2019,76.2
Jharkhand,ER,23.80039349,86.41998572,08/01/2019,23.3
Odisha,ER,19.82042971,85.90001746,08/01/2019,63.6
"West Bengal",ER,22.58039044,88.32994665,08/01/2019,102.9
Sikkim,ER,27.3333303,88.6166475,08/01/2019,1.6
"Arunachal Pradesh",NER,27.10039878,93.61660071,08/01/2019,2.3
Assam,NER,26.7499809,94.21666744,08/01/2019,20.7
Manipur,NER,24.79997072,93.95001705,08/01/2019,2.6
Meghalaya,NER,25.57049217,91.8800142,08/01/2019,6.2
Mizoram,NER,23.71039899,92.72001461,08/01/2019,1.8
Nagaland,NER,25.6669979,94.11657019,08/01/2019,2.1
Tripura,NER,23.83540428,91.27999914,08/01/2019,3.3
Punjab,NR,31.51997398,75.98000281,09/01/2019,132.5
Haryana,NR,28.45000633,77.01999101,09/01/2019,148.2
Rajasthan,NR,26.44999921,74.63998124,09/01/2019,197
Delhi,NR,28.6699929,77.23000403,09/01/2019,89.2
UP,NR,27.59998069,78.05000565,09/01/2019,258.6
Uttarakhand,NR,30.32040895,78.05000565,09/01/2019,35.9
HP,NR,31.10002545,77.16659704,09/01/2019,25.3
J&K,NR,33.45,76.24,09/01/2019,37.9
Chandigarh,NR,30.71999697,76.78000565,09/01/2019,3.9
Chhattisgarh,WR,22.09042035,82.15998734,09/01/2019,77.2
Gujarat,WR,22.2587,71.1924,09/01/2019,260
MP,WR,21.30039105,76.13001949,09/01/2019,162.5
Maharashtra,WR,19.25023195,73.16017493,09/01/2019,400.9
Goa,WR,15.491997,73.81800065,09/01/2019,12.1
DNH,WR,20.26657819,73.0166178,09/01/2019,18
"Andhra Pradesh",SR,14.7504291,78.57002559,09/01/2019,163
Telangana,SR,18.1124,79.0193,09/01/2019,167.5
Karnataka,SR,12.57038129,76.91999711,09/01/2019,173.6
Kerala,SR,8.900372741,76.56999263,09/01/2019,67.9
"Tamil Nadu",SR,12.92038576,79.15004187,09/01/2019,280.4
Pondy,SR,11.93499371,79.83000037,09/01/2019,7.6
Bihar,ER,25.78541445,87.4799727,09/01/2019,56.4
Jharkhand,ER,23.80039349,86.41998572,09/01/2019,19.2
Odisha,ER,19.82042971,85.90001746,09/01/2019,86.6
"West Bengal",ER,22.58039044,88.32994665,09/01/2019,131.7
Sikkim,ER,27.3333303,88.6166475,09/01/2019,1.1
"Arunachal Pradesh",NER,27.10039878,93.61660071,09/01/2019,2.1
Assam,NER,26.7499809,94.21666744,09/01/2019,25.8
Manipur,NER,24.79997072,93.95001705,09/01/2019,2.3
Meghalaya,NER,25.57049217,91.8800142,09/01/2019,6
Mizoram,NER,23.71039899,92.72001461,09/01/2019,1.7
Nagaland,NER,25.6669979,94.11657019,09/01/2019,2.4
Tripura,NER,23.83540428,91.27999914,09/01/2019,4.2
Punjab,NR,31.51997398,75.98000281,10/01/2019,131.5
Haryana,NR,28.45000633,77.01999101,10/01/2019,157
Rajasthan,NR,26.44999921,74.63998124,10/01/2019,199.9
Delhi,NR,28.6699929,77.23000403,10/01/2019,92.8
UP,NR,27.59998069,78.05000565,10/01/2019,284.2
Uttarakhand,NR,30.32040895,78.05000565,10/01/2019,35.3
HP,NR,31.10002545,77.16659704,10/01/2019,26.5
J&K,NR,33.45,76.24,10/01/2019,31.7
Chandigarh,NR,30.71999697,76.78000565,10/01/2019,3.9
Chhattisgarh,WR,22.09042035,82.15998734,10/01/2019,79
Gujarat,WR,22.2587,71.1924,10/01/2019,268.3
MP,WR,21.30039105,76.13001949,10/01/2019,159.6
Maharashtra,WR,19.25023195,73.16017493,10/01/2019,409.7
Goa,WR,15.491997,73.81800065,10/01/2019,12.1
DNH,WR,20.26657819,73.0166178,10/01/2019,17.8
"Andhra Pradesh",SR,14.7504291,78.57002559,10/01/2019,168.8
Telangana,SR,18.1124,79.0193,10/01/2019,173.4
Karnataka,SR,12.57038129,76.91999711,10/01/2019,176
Kerala,SR,8.900372741,76.56999263,10/01/2019,68.9
"Tamil Nadu",SR,12.92038576,79.15004187,10/01/2019,290.8
Pondy,SR,11.93499371,79.83000037,10/01/2019,7.9
Bihar,ER,25.78541445,87.4799727,10/01/2019,69.9
Jharkhand,ER,23.80039349,86.41998572,10/01/2019,21.8
Odisha,ER,19.82042971,85.90001746,10/01/2019,78.8
"West Bengal",ER,22.58039044,88.32994665,10/01/2019,140.1
Sikkim,ER,27.3333303,88.6166475,10/01/2019,1.1
"Arunachal Pradesh",NER,27.10039878,93.61660071,10/01/2019,2.1
Assam,NER,26.7499809,94.21666744,10/01/2019,25.8
Manipur,NER,24.79997072,93.95001705,10/01/2019,2.4
Meghalaya,NER,25.57049217,91.8800142,10/01/2019,6.2
Mizoram,NER,23.71039899,92.72001461,10/01/2019,1.7
Nagaland,NER,25.6669979,94.11657019,10/01/2019,2.1
Tripura,NER,23.83540428,91.27999914,10/01/2019,4.3
Punjab,NR,31.51997398,75.98000281,11/01/2019,130.3
Haryana,NR,28.45000633,77.01999101,11/01/2019,145.3
Rajasthan,NR,26.44999921,74.63998124,11/01/2019,187.7
Delhi,NR,28.6699929,77.23000403,11/01/2019,79.5
UP,NR,27.59998069,78.05000565,11/01/2019,281.4
Uttarakhand,NR,30.32040895,78.05000565,11/01/2019,30.1
HP,NR,31.10002545,77.16659704,11/01/2019,23.9
J&K,NR,33.45,76.24,11/01/2019,37.3
Chandigarh,NR,30.71999697,76.78000565,11/01/2019,3.4
Chhattisgarh,WR,22.09042035,82.15998734,11/01/2019,80.7
Gujarat,WR,22.2587,71.1924,11/01/2019,275
MP,WR,21.30039105,76.13001949,11/01/2019,154.3
Maharashtra,WR,19.25023195,73.16017493,11/01/2019,405.2
Goa,WR,15.491997,73.81800065,11/01/2019,12.1
DNH,WR,20.26657819,73.0166178,11/01/2019,16.9
"Andhra Pradesh",SR,14.7504291,78.57002559,11/01/2019,167.7
Telangana,SR,18.1124,79.0193,11/01/2019,166.7
Karnataka,SR,12.57038129,76.91999711,11/01/2019,157
Kerala,SR,8.900372741,76.56999263,11/01/2019,67.4
"Tamil Nadu",SR,12.92038576,79.15004187,11/01/2019,270.5
Pondy,SR,11.93499371,79.83000037,11/01/2019,7.1
Bihar,ER,25.78541445,87.4799727,11/01/2019,76.2
Jharkhand,ER,23.80039349,86.41998572,11/01/2019,23.3
Odisha,ER,19.82042971,85.90001746,11/01/2019,78.4
"West Bengal",ER,22.58039044,88.32994665,11/01/2019,149.8
Sikkim,ER,27.3333303,88.6166475,11/01/2019,0.8
"Arunachal Pradesh",NER,27.10039878,93.61660071,11/01/2019,2.1
Assam,NER,26.7499809,94.21666744,11/01/2019,27.9
Manipur,NER,24.79997072,93.95001705,11/01/2019,2.4
Meghalaya,NER,25.57049217,91.8800142,11/01/2019,6.2
Mizoram,NER,23.71039899,92.72001461,11/01/2019,1.8
Nagaland,NER,25.6669979,94.11657019,11/01/2019,2.1
Tripura,NER,23.83540428,91.27999914,11/01/2019,4.3
Punjab,NR,31.51997398,75.98000281,12/01/2019,137.9
Haryana,NR,28.45000633,77.01999101,12/01/2019,151.9
Rajasthan,NR,26.44999921,74.63998124,12/01/2019,189.9
Delhi,NR,28.6699929,77.23000403,12/01/2019,92.6
UP,NR,27.59998069,78.05000565,12/01/2019,298.6
Uttarakhand,NR,30.32040895,78.05000565,12/01/2019,34.7
HP,NR,31.10002545,77.16659704,12/01/2019,26.4
J&K,NR,33.45,76.24,12/01/2019,34.6
Chandigarh,NR,30.71999697,76.78000565,12/01/2019,4
Chhattisgarh,WR,22.09042035,82.15998734,12/01/2019,85.2
Gujarat,WR,22.2587,71.1924,12/01/2019,294.1
MP,WR,21.30039105,76.13001949,12/01/2019,161.1
Maharashtra,WR,19.25023195,73.16017493,12/01/2019,421.8
Goa,WR,15.491997,73.81800065,12/01/2019,12.2
DNH,WR,20.26657819,73.0166178,12/01/2019,17.6
"Andhra Pradesh",SR,14.7504291,78.57002559,12/01/2019,168.1
Telangana,SR,18.1124,79.0193,12/01/2019,173.2
Karnataka,SR,12.57038129,76.91999711,12/01/2019,163.5
Kerala,SR,8.900372741,76.56999263,12/01/2019,69.9
"Tamil Nadu",SR,12.92038576,79.15004187,12/01/2019,298.4
Pondy,SR,11.93499371,79.83000037,12/01/2019,8
Bihar,ER,25.78541445,87.4799727,12/01/2019,82.3
Jharkhand,ER,23.80039349,86.41998572,12/01/2019,24.3
Odisha,ER,19.82042971,85.90001746,12/01/2019,82.4
"West Bengal",ER,22.58039044,88.32994665,12/01/2019,154.7
Sikkim,ER,27.3333303,88.6166475,12/01/2019,1
"Arunachal Pradesh",NER,27.10039878,93.61660071,12/01/2019,2.1
Assam,NER,26.7499809,94.21666744,12/01/2019,30.1
Manipur,NER,24.79997072,93.95001705,12/01/2019,2.5
Meghalaya,NER,25.57049217,91.8800142,12/01/2019,6
Mizoram,NER,23.71039899,92.72001461,12/01/2019,1.8
Nagaland,NER,25.6669979,94.11657019,12/01/2019,2
Tripura,NER,23.83540428,91.27999914,12/01/2019,4.6
Punjab,NR,31.51997398,75.98000281,13/01/2019,135.8
Haryana,NR,28.45000633,77.01999101,13/01/2019,141.4
Rajasthan,NR,26.44999921,74.63998124,13/01/2019,186.9
Delhi,NR,28.6699929,77.23000403,13/01/2019,89.4
UP,NR,27.59998069,78.05000565,13/01/2019,310
Uttarakhand,NR,30.32040895,78.05000565,13/01/2019,36.7
HP,NR,31.10002545,77.16659704,13/01/2019,26.4
J&K,NR,33.45,76.24,13/01/2019,32.7
Chandigarh,NR,30.71999697,76.78000565,13/01/2019,3.8
Chhattisgarh,WR,22.09042035,82.15998734,13/01/2019,87.6
Gujarat,WR,22.2587,71.1924,13/01/2019,301.2
MP,WR,21.30039105,76.13001949,13/01/2019,168.6
Maharashtra,WR,19.25023195,73.16017493,13/01/2019,408.3
Goa,WR,15.491997,73.81800065,13/01/2019,12.4
DNH,WR,20.26657819,73.0166178,13/01/2019,17.6
"Andhra Pradesh",SR,14.7504291,78.57002559,13/01/2019,164.9
Telangana,SR,18.1124,79.0193,13/01/2019,176.9
Karnataka,SR,12.57038129,76.91999711,13/01/2019,162.4
Kerala,SR,8.900372741,76.56999263,13/01/2019,72.4
"Tamil Nadu",SR,12.92038576,79.15004187,13/01/2019,314.1
Pondy,SR,11.93499371,79.83000037,13/01/2019,8.4
Bihar,ER,25.78541445,87.4799727,13/01/2019,87.7
Jharkhand,ER,23.80039349,86.41998572,13/01/2019,24.8
Odisha,ER,19.82042971,85.90001746,13/01/2019,84.3
"West Bengal",ER,22.58039044,88.32994665,13/01/2019,155.3
Sikkim,ER,27.3333303,88.6166475,13/01/2019,1
"Arunachal Pradesh",NER,27.10039878,93.61660071,13/01/2019,2.1
Assam,NER,26.7499809,94.21666744,13/01/2019,30.1
Manipur,NER,24.79997072,93.95001705,13/01/2019,2.5
Meghalaya,NER,25.57049217,91.8800142,13/01/2019,5.9
Mizoram,NER,23.71039899,92.72001461,13/01/2019,1.8
Nagaland,NER,25.6669979,94.11657019,13/01/2019,2.2
Tripura,NER,23.83540428,91.27999914,13/01/2019,4.8
Punjab,NR,31.51997398,75.98000281,14/01/2019,139.3
Haryana,NR,28.45000633,77.01999101,14/01/2019,143.8
Rajasthan,NR,26.44999921,74.63998124,14/01/2019,195.2
Delhi,NR,28.6699929,77.23000403,14/01/2019,82.2
UP,NR,27.59998069,78.05000565,14/01/2019,319.5
Uttarakhand,NR,30.32040895,78.05000565,14/01/2019,35.5
HP,NR,31.10002545,77.16659704,14/01/2019,26.9
J&K,NR,33.45,76.24,14/01/2019,37.6
Chandigarh,NR,30.71999697,76.78000565,14/01/2019,3.5
Chhattisgarh,WR,22.09042035,82.15998734,14/01/2019,89.6
Gujarat,WR,22.2587,71.1924,14/01/2019,305.6
MP,WR,21.30039105,76.13001949,14/01/2019,170.7
Maharashtra,WR,19.25023195,73.16017493,14/01/2019,406.3
Goa,WR,15.491997,73.81800065,14/01/2019,12.4
DNH,WR,20.26657819,73.0166178,14/01/2019,18.5
"Andhra Pradesh",SR,14.7504291,78.57002559,14/01/2019,163.3
Telangana,SR,18.1124,79.0193,14/01/2019,177
Karnataka,SR,12.57038129,76.91999711,14/01/2019,156.7
Kerala,SR,8.900372741,76.56999263,14/01/2019,69.6
"Tamil Nadu",SR,12.92038576,79.15004187,14/01/2019,305.9
Pondy,SR,11.93499371,79.83000037,14/01/2019,8.3
Bihar,ER,25.78541445,87.4799727,14/01/2019,88.2
Jharkhand,ER,23.80039349,86.41998572,14/01/2019,24.8
Odisha,ER,19.82042971,85.90001746,14/01/2019,85.7
"West Bengal",ER,22.58039044,88.32994665,14/01/2019,143.9
Sikkim,ER,27.3333303,88.6166475,14/01/2019,0.9
"Arunachal Pradesh",NER,27.10039878,93.61660071,14/01/2019,2.1
Assam,NER,26.7499809,94.21666744,14/01/2019,31.7
Manipur,NER,24.79997072,93.95001705,14/01/2019,2.5
Meghalaya,NER,25.57049217,91.8800142,14/01/2019,5.4
Mizoram,NER,23.71039899,92.72001461,14/01/2019,1.8
Nagaland,NER,25.6669979,94.11657019,14/01/2019,2.1
Tripura,NER,23.83540428,91.27999914,14/01/2019,5
Punjab,NR,31.51997398,75.98000281,15/01/2019,141.1
Haryana,NR,28.45000633,77.01999101,15/01/2019,142.9
Rajasthan,NR,26.44999921,74.63998124,15/01/2019,185.4
Delhi,NR,28.6699929,77.23000403,15/01/2019,77.8
UP,NR,27.59998069,78.05000565,15/01/2019,326.7
Uttarakhand,NR,30.32040895,78.05000565,15/01/2019,34.3
HP,NR,31.10002545,77.16659704,15/01/2019,25.6
J&K,NR,33.45,76.24,15/01/2019,39.5
Chandigarh,NR,30.71999697,76.78000565,15/01/2019,3.2
Chhattisgarh,WR,22.09042035,82.15998734,15/01/2019,88
Gujarat,WR,22.2587,71.1924,15/01/2019,290.5
MP,WR,21.30039105,76.13001949,15/01/2019,170.2
Maharashtra,WR,19.25023195,73.16017493,15/01/2019,392.1
Goa,WR,15.491997,73.81800065,15/01/2019,12.4
DNH,WR,20.26657819,73.0166178,15/01/2019,17.3
"Andhra Pradesh",SR,14.7504291,78.57002559,15/01/2019,160.7
Telangana,SR,18.1124,79.0193,15/01/2019,174.3
Karnataka,SR,12.57038129,76.91999711,15/01/2019,138.7
Kerala,SR,8.900372741,76.56999263,15/01/2019,64.2
"Tamil Nadu",SR,12.92038576,79.15004187,15/01/2019,288.7
Pondy,SR,11.93499371,79.83000037,15/01/2019,7.4
Bihar,ER,25.78541445,87.4799727,15/01/2019,93.7
Jharkhand,ER,23.80039349,86.41998572,15/01/2019,24.8
Odisha,ER,19.82042971,85.90001746,15/01/2019,82.1
"West Bengal",ER,22.58039044,88.32994665,15/01/2019,143.4
Sikkim,ER,27.3333303,88.6166475,15/01/2019,0.7
"Arunachal Pradesh",NER,27.10039878,93.61660071,15/01/2019,2.2
Assam,NER,26.7499809,94.21666744,15/01/2019,29.2
Manipur,NER,24.79997072,93.95001705,15/01/2019,2.5
Meghalaya,NER,25.57049217,91.8800142,15/01/2019,5.2
Mizoram,NER,23.71039899,92.72001461,15/01/2019,1.7
Nagaland,NER,25.6669979,94.11657019,15/01/2019,2.2
Tripura,NER,23.83540428,91.27999914,15/01/2019,4.8
Punjab,NR,31.51997398,75.98000281,16/01/2019,231.9
Haryana,NR,28.45000633,77.01999101,16/01/2019,180.5
Rajasthan,NR,26.44999921,74.63998124,16/01/2019,175.3
Delhi,NR,28.6699929,77.23000403,16/01/2019,111.8
UP,NR,27.59998069,78.05000565,16/01/2019,399
Uttarakhand,NR,30.32040895,78.05000565,16/01/2019,41
HP,NR,31.10002545,77.16659704,16/01/2019,29.4
J&K,NR,33.45,76.24,16/01/2019,41.8
Chandigarh,NR,30.71999697,76.78000565,16/01/2019,6
Chhattisgarh,WR,22.09042035,82.15998734,16/01/2019,89.2
Gujarat,WR,22.2587,71.1924,16/01/2019,299.5
MP,WR,21.30039105,76.13001949,16/01/2019,185.1
Maharashtra,WR,19.25023195,73.16017493,16/01/2019,377.1
Goa,WR,15.491997,73.81800065,16/01/2019,11.3
DNH,WR,20.26657819,73.0166178,16/01/2019,18.9
"Andhra Pradesh",SR,14.7504291,78.57002559,16/01/2019,155.2
Telangana,SR,18.1124,79.0193,16/01/2019,161.3
Karnataka,SR,12.57038129,76.91999711,16/01/2019,175.2
Kerala,SR,8.900372741,76.56999263,16/01/2019,68.5
"Tamil Nadu",SR,12.92038576,79.15004187,16/01/2019,301.4
Pondy,SR,11.93499371,79.83000037,16/01/2019,7.6
Bihar,ER,25.78541445,87.4799727,16/01/2019,93.5
Jharkhand,ER,23.80039349,86.41998572,16/01/2019,22.1
Odisha,ER,19.82042971,85.90001746,16/01/2019,82.6
"West Bengal",ER,22.58039044,88.32994665,16/01/2019,152.9
Sikkim,ER,27.3333303,88.6166475,16/01/2019,0.7
"Arunachal Pradesh",NER,27.10039878,93.61660071,16/01/2019,2.2
Assam,NER,26.7499809,94.21666744,16/01/2019,31.3
Manipur,NER,24.79997072,93.95001705,16/01/2019,2.3
Meghalaya,NER,25.57049217,91.8800142,16/01/2019,5.6
Mizoram,NER,23.71039899,92.72001461,16/01/2019,1.8
Nagaland,NER,25.6669979,94.11657019,16/01/2019,2.2
Tripura,NER,23.83540428,91.27999914,16/01/2019,5.8
Punjab,NR,31.51997398,75.98000281,17/01/2019,253.8
Haryana,NR,28.45000633,77.01999101,17/01/2019,196.4
Rajasthan,NR,26.44999921,74.63998124,17/01/2019,197.2
Delhi,NR,28.6699929,77.23000403,17/01/2019,115.6
UP,NR,27.59998069,78.05000565,17/01/2019,412.5
Uttarakhand,NR,30.32040895,78.05000565,17/01/2019,41.7
HP,NR,31.10002545,77.16659704,17/01/2019,29.8
J&K,NR,33.45,76.24,17/01/2019,42.3
Chandigarh,NR,30.71999697,76.78000565,17/01/2019,5.6
Chhattisgarh,WR,22.09042035,82.15998734,17/01/2019,83.5
Gujarat,WR,22.2587,71.1924,17/01/2019,282
MP,WR,21.30039105,76.13001949,17/01/2019,183.7
Maharashtra,WR,19.25023195,73.16017493,17/01/2019,368.4
Goa,WR,15.491997,73.81800065,17/01/2019,11.3
DNH,WR,20.26657819,73.0166178,17/01/2019,18.4
"Andhra Pradesh",SR,14.7504291,78.57002559,17/01/2019,161.8
Telangana,SR,18.1124,79.0193,17/01/2019,156.5
Karnataka,SR,12.57038129,76.91999711,17/01/2019,167.1
Kerala,SR,8.900372741,76.56999263,17/01/2019,70.3
"Tamil Nadu",SR,12.92038576,79.15004187,17/01/2019,313.9
Pondy,SR,11.93499371,79.83000037,17/01/2019,7.7
Bihar,ER,25.78541445,87.4799727,17/01/2019,98.9
Jharkhand,ER,23.80039349,86.41998572,17/01/2019,22.3
Odisha,ER,19.82042971,85.90001746,17/01/2019,85.9
"West Bengal",ER,22.58039044,88.32994665,17/01/2019,167.7
Sikkim,ER,27.3333303,88.6166475,17/01/2019,0.8
"Arunachal Pradesh",NER,27.10039878,93.61660071,17/01/2019,2.2
Assam,NER,26.7499809,94.21666744,17/01/2019,33.1
Manipur,NER,24.79997072,93.95001705,17/01/2019,2.5
Meghalaya,NER,25.57049217,91.8800142,17/01/2019,5.5
Mizoram,NER,23.71039899,92.72001461,17/01/2019,1.8
Nagaland,NER,25.6669979,94.11657019,17/01/2019,2.2
Tripura,NER,23.83540428,91.27999914,17/01/2019,4.2
Punjab,NR,31.51997398,75.98000281,18/01/2019,236.4
Haryana,NR,28.45000633,77.01999101,18/01/2019,193.9
Rajasthan,NR,26.44999921,74.63998124,18/01/2019,209.8
Delhi,NR,28.6699929,77.23000403,18/01/2019,117.9
UP,NR,27.59998069,78.05000565,18/01/2019,426
Uttarakhand,NR,30.32040895,78.05000565,18/01/2019,40.3
HP,NR,31.10002545,77.16659704,18/01/2019,27.9
J&K,NR,33.45,76.24,18/01/2019,36.7
Chandigarh,NR,30.71999697,76.78000565,18/01/2019,5
Chhattisgarh,WR,22.09042035,82.15998734,18/01/2019,82.2
Gujarat,WR,22.2587,71.1924,18/01/2019,269.1
MP,WR,21.30039105,76.13001949,18/01/2019,183.4
Maharashtra,WR,19.25023195,73.16017493,18/01/2019,360.8
Goa,WR,15.491997,73.81800065,18/01/2019,11.3
DNH,WR,20.26657819,73.0166178,18/01/2019,18.3
"Andhra Pradesh",SR,14.7504291,78.57002559,18/01/2019,169.9
Telangana,SR,18.1124,79.0193,18/01/2019,169.4
Karnataka,SR,12.57038129,76.91999711,18/01/2019,182.5
Kerala,SR,8.900372741,76.56999263,18/01/2019,71.6
"Tamil Nadu",SR,12.92038576,79.15004187,18/01/2019,321.5
Pondy,SR,11.93499371,79.83000037,18/01/2019,8.2
Bihar,ER,25.78541445,87.4799727,18/01/2019,106.1
Jharkhand,ER,23.80039349,86.41998572,18/01/2019,24.1
Odisha,ER,19.82042971,85.90001746,18/01/2019,89.1
"West Bengal",ER,22.58039044,88.32994665,18/01/2019,175.9
Sikkim,ER,27.3333303,88.6166475,18/01/2019,0.8
"Arunachal Pradesh",NER,27.10039878,93.61660071,18/01/2019,2.5
Assam,NER,26.7499809,94.21666744,18/01/2019,32.5
Manipur,NER,24.79997072,93.95001705,18/01/2019,2.5
Meghalaya,NER,25.57049217,91.8800142,18/01/2019,5.8
Mizoram,NER,23.71039899,92.72001461,18/01/2019,1.6
Nagaland,NER,25.6669979,94.11657019,18/01/2019,2.3
Tripura,NER,23.83540428,91.27999914,18/01/2019,4.3
Punjab,NR,31.51997398,75.98000281,19/01/2019,229.8
Haryana,NR,28.45000633,77.01999101,19/01/2019,201.8
Rajasthan,NR,26.44999921,74.63998124,19/01/2019,197.6
Delhi,NR,28.6699929,77.23000403,19/01/2019,121.9
UP,NR,27.59998069,78.05000565,19/01/2019,437.9
Uttarakhand,NR,30.32040895,78.05000565,19/01/2019,42.4
HP,NR,31.10002545,77.16659704,19/01/2019,28.7
J&K,NR,33.45,76.24,19/01/2019,38.5
Chandigarh,NR,30.71999697,76.78000565,19/01/2019,5.3
Chhattisgarh,WR,22.09042035,82.15998734,19/01/2019,86.8
Gujarat,WR,22.2587,71.1924,19/01/2019,260.2
MP,WR,21.30039105,76.13001949,19/01/2019,183.7
Maharashtra,WR,19.25023195,73.16017493,19/01/2019,371.2
Goa,WR,15.491997,73.81800065,19/01/2019,11.8
DNH,WR,20.26657819,73.0166178,19/01/2019,18.1
"Andhra Pradesh",SR,14.7504291,78.57002559,19/01/2019,166
Telangana,SR,18.1124,79.0193,19/01/2019,171.8
Karnataka,SR,12.57038129,76.91999711,19/01/2019,185
Kerala,SR,8.900372741,76.56999263,19/01/2019,72.6
"Tamil Nadu",SR,12.92038576,79.15004187,19/01/2019,325.8
Pondy,SR,11.93499371,79.83000037,19/01/2019,8.3
Bihar,ER,25.78541445,87.4799727,19/01/2019,105.5
Jharkhand,ER,23.80039349,86.41998572,19/01/2019,23.8
Odisha,ER,19.82042971,85.90001746,19/01/2019,98.1
"West Bengal",ER,22.58039044,88.32994665,19/01/2019,180.6
Sikkim,ER,27.3333303,88.6166475,19/01/2019,0.9
"Arunachal Pradesh",NER,27.10039878,93.61660071,19/01/2019,2.4
Assam,NER,26.7499809,94.21666744,19/01/2019,31.4
Manipur,NER,24.79997072,93.95001705,19/01/2019,2.6
Meghalaya,NER,25.57049217,91.8800142,19/01/2019,5.6
Mizoram,NER,23.71039899,92.72001461,19/01/2019,1.6
Nagaland,NER,25.6669979,94.11657019,19/01/2019,2.2
Tripura,NER,23.83540428,91.27999914,19/01/2019,4.8
Punjab,NR,31.51997398,75.98000281,20/01/2019,195
Haryana,NR,28.45000633,77.01999101,20/01/2019,192.3
Rajasthan,NR,26.44999921,74.63998124,20/01/2019,197.6
Delhi,NR,28.6699929,77.23000403,20/01/2019,121.7
UP,NR,27.59998069,78.05000565,20/01/2019,428.3
Uttarakhand,NR,30.32040895,78.05000565,20/01/2019,42.4
HP,NR,31.10002545,77.16659704,20/01/2019,28.1
J&K,NR,33.45,76.24,20/01/2019,40.4
Chandigarh,NR,30.71999697,76.78000565,20/01/2019,5.1
Chhattisgarh,WR,22.09042035,82.15998734,20/01/2019,90
Gujarat,WR,22.2587,71.1924,20/01/2019,273.8
MP,WR,21.30039105,76.13001949,20/01/2019,189.3
Maharashtra,WR,19.25023195,73.16017493,20/01/2019,362.4
Goa,WR,15.491997,73.81800065,20/01/2019,11.8
DNH,WR,20.26657819,73.0166178,20/01/2019,17.7
"Andhra Pradesh",SR,14.7504291,78.57002559,20/01/2019,153.9
Telangana,SR,18.1124,79.0193,20/01/2019,152
Karnataka,SR,12.57038129,76.91999711,20/01/2019,184.7
Kerala,SR,8.900372741,76.56999263,20/01/2019,72.4
"Tamil Nadu",SR,12.92038576,79.15004187,20/01/2019,325.4
Pondy,SR,11.93499371,79.83000037,20/01/2019,8.3
Bihar,ER,25.78541445,87.4799727,20/01/2019,106.7
Jharkhand,ER,23.80039349,86.41998572,20/01/2019,25
Odisha,ER,19.82042971,85.90001746,20/01/2019,96.5
"West Bengal",ER,22.58039044,88.32994665,20/01/2019,178.9
Sikkim,ER,27.3333303,88.6166475,20/01/2019,0.9
"Arunachal Pradesh",NER,27.10039878,93.61660071,20/01/2019,2.1
Assam,NER,26.7499809,94.21666744,20/01/2019,33
Manipur,NER,24.79997072,93.95001705,20/01/2019,2.6
Meghalaya,NER,25.57049217,91.8800142,20/01/2019,5.6
Mizoram,NER,23.71039899,92.72001461,20/01/2019,1.7
Nagaland,NER,25.6669979,94.11657019,20/01/2019,2.2
Tripura,NER,23.83540428,91.27999914,20/01/2019,5.5
Punjab,NR,31.51997398,75.98000281,21/01/2019,207.1
Haryana,NR,28.45000633,77.01999101,21/01/2019,182.9
Rajasthan,NR,26.44999921,74.63998124,21/01/2019,189.7
Delhi,NR,28.6699929,77.23000403,21/01/2019,112.2
UP,NR,27.59998069,78.05000565,21/01/2019,407.9
Uttarakhand,NR,30.32040895,78.05000565,21/01/2019,39.8
HP,NR,31.10002545,77.16659704,21/01/2019,28.8
J&K,NR,33.45,76.24,21/01/2019,41.7
Chandigarh,NR,30.71999697,76.78000565,21/01/2019,5.2
Chhattisgarh,WR,22.09042035,82.15998734,21/01/2019,87.5
Gujarat,WR,22.2587,71.1924,21/01/2019,276.7
MP,WR,21.30039105,76.13001949,21/01/2019,187.9
Maharashtra,WR,19.25023195,73.16017493,21/01/2019,356.6
Goa,WR,15.491997,73.81800065,21/01/2019,11.8
DNH,WR,20.26657819,73.0166178,21/01/2019,17.9
"Andhra Pradesh",SR,14.7504291,78.57002559,21/01/2019,153.3
Telangana,SR,18.1124,79.0193,21/01/2019,144.5
Karnataka,SR,12.57038129,76.91999711,21/01/2019,179.9
Kerala,SR,8.900372741,76.56999263,21/01/2019,72.1
"Tamil Nadu",SR,12.92038576,79.15004187,21/01/2019,311.5
Pondy,SR,11.93499371,79.83000037,21/01/2019,8
Bihar,ER,25.78541445,87.4799727,21/01/2019,109.1
Jharkhand,ER,23.80039349,86.41998572,21/01/2019,24.8
Odisha,ER,19.82042971,85.90001746,21/01/2019,97.6
"West Bengal",ER,22.58039044,88.32994665,21/01/2019,178.9
Sikkim,ER,27.3333303,88.6166475,21/01/2019,0.8
"Arunachal Pradesh",NER,27.10039878,93.61660071,21/01/2019,2.2
Assam,NER,26.7499809,94.21666744,21/01/2019,34.3
Manipur,NER,24.79997072,93.95001705,21/01/2019,2.7
Meghalaya,NER,25.57049217,91.8800142,21/01/2019,5.7
Mizoram,NER,23.71039899,92.72001461,21/01/2019,1.8
Nagaland,NER,25.6669979,94.11657019,21/01/2019,2.3
Tripura,NER,23.83540428,91.27999914,21/01/2019,5.4
Punjab,NR,31.51997398,75.98000281,22/01/2019,218.9
Haryana,NR,28.45000633,77.01999101,22/01/2019,178.2
Rajasthan,NR,26.44999921,74.63998124,22/01/2019,191.9
Delhi,NR,28.6699929,77.23000403,22/01/2019,108
UP,NR,27.59998069,78.05000565,22/01/2019,417.1
Uttarakhand,NR,30.32040895,78.05000565,22/01/2019,38.8
HP,NR,31.10002545,77.16659704,22/01/2019,26.5
J&K,NR,33.45,76.24,22/01/2019,42.5
Chandigarh,NR,30.71999697,76.78000565,22/01/2019,5.1
Chhattisgarh,WR,22.09042035,82.15998734,22/01/2019,90.2
Gujarat,WR,22.2587,71.1924,22/01/2019,263.5
MP,WR,21.30039105,76.13001949,22/01/2019,188.2
Maharashtra,WR,19.25023195,73.16017493,22/01/2019,330.8
Goa,WR,15.491997,73.81800065,22/01/2019,8.2
DNH,WR,20.26657819,73.0166178,22/01/2019,16.3
"Andhra Pradesh",SR,14.7504291,78.57002559,22/01/2019,152.6
Telangana,SR,18.1124,79.0193,22/01/2019,150.3
Karnataka,SR,12.57038129,76.91999711,22/01/2019,157.5
Kerala,SR,8.900372741,76.56999263,22/01/2019,65.5
"Tamil Nadu",SR,12.92038576,79.15004187,22/01/2019,295.3
Pondy,SR,11.93499371,79.83000037,22/01/2019,7.6
Bihar,ER,25.78541445,87.4799727,22/01/2019,111
Jharkhand,ER,23.80039349,86.41998572,22/01/2019,23.8
Odisha,ER,19.82042971,85.90001746,22/01/2019,97.2
"West Bengal",ER,22.58039044,88.32994665,22/01/2019,173
Sikkim,ER,27.3333303,88.6166475,22/01/2019,0.6
"Arunachal Pradesh",NER,27.10039878,93.61660071,22/01/2019,2.3
Assam,NER,26.7499809,94.21666744,22/01/2019,33.3
Manipur,NER,24.79997072,93.95001705,22/01/2019,2.5
Meghalaya,NER,25.57049217,91.8800142,22/01/2019,5.7
Mizoram,NER,23.71039899,92.72001461,22/01/2019,1.8
Nagaland,NER,25.6669979,94.11657019,22/01/2019,2.4
Tripura,NER,23.83540428,91.27999914,22/01/2019,4.9
Punjab,NR,31.51997398,75.98000281,23/01/2019,136
Haryana,NR,28.45000633,77.01999101,23/01/2019,150.5
Rajasthan,NR,26.44999921,74.63998124,23/01/2019,227.2
Delhi,NR,28.6699929,77.23000403,23/01/2019,109.3
UP,NR,27.59998069,78.05000565,23/01/2019,395.8
Uttarakhand,NR,30.32040895,78.05000565,23/01/2019,41.5
HP,NR,31.10002545,77.16659704,23/01/2019,27.3
J&K,NR,33.45,76.24,23/01/2019,44.3
Chandigarh,NR,30.71999697,76.78000565,23/01/2019,4.8
Chhattisgarh,WR,22.09042035,82.15998734,23/01/2019,105.7
Gujarat,WR,22.2587,71.1924,23/01/2019,391.4
MP,WR,21.30039105,76.13001949,23/01/2019,219.7
Maharashtra,WR,19.25023195,73.16017493,23/01/2019,499.4
Goa,WR,15.491997,73.81800065,23/01/2019,13.5
DNH,WR,20.26657819,73.0166178,23/01/2019,18.9
"Andhra Pradesh",SR,14.7504291,78.57002559,23/01/2019,194.9
Telangana,SR,18.1124,79.0193,23/01/2019,175
Karnataka,SR,12.57038129,76.91999711,23/01/2019,230.1
Kerala,SR,8.900372741,76.56999263,23/01/2019,82.3
"Tamil Nadu",SR,12.92038576,79.15004187,23/01/2019,340.6
Pondy,SR,11.93499371,79.83000037,23/01/2019,8.9
Bihar,ER,25.78541445,87.4799727,23/01/2019,101.7
Jharkhand,ER,23.80039349,86.41998572,23/01/2019,27.5
Odisha,ER,19.82042971,85.90001746,23/01/2019,97.1
"West Bengal",ER,22.58039044,88.32994665,23/01/2019,183.4
Sikkim,ER,27.3333303,88.6166475,23/01/2019,1.1
"Arunachal Pradesh",NER,27.10039878,93.61660071,23/01/2019,2.2
Assam,NER,26.7499809,94.21666744,23/01/2019,22.5
Manipur,NER,24.79997072,93.95001705,23/01/2019,1.8
Meghalaya,NER,25.57049217,91.8800142,23/01/2019,5.6
Mizoram,NER,23.71039899,92.72001461,23/01/2019,1.8
Nagaland,NER,25.6669979,94.11657019,23/01/2019,2.2
Tripura,NER,23.83540428,91.27999914,23/01/2019,5.5
Punjab,NR,31.51997398,75.98000281,24/01/2019,132.5
Haryana,NR,28.45000633,77.01999101,24/01/2019,154.7
Rajasthan,NR,26.44999921,74.63998124,24/01/2019,231.6
Delhi,NR,28.6699929,77.23000403,24/01/2019,111.9
UP,NR,27.59998069,78.05000565,24/01/2019,410.9
Uttarakhand,NR,30.32040895,78.05000565,24/01/2019,41.8
HP,NR,31.10002545,77.16659704,24/01/2019,27.6
J&K,NR,33.45,76.24,24/01/2019,43.9
Chandigarh,NR,30.71999697,76.78000565,24/01/2019,5
Chhattisgarh,WR,22.09042035,82.15998734,24/01/2019,105.9
Gujarat,WR,22.2587,71.1924,24/01/2019,385.3
MP,WR,21.30039105,76.13001949,24/01/2019,219.7
Maharashtra,WR,19.25023195,73.16017493,24/01/2019,508.9
Goa,WR,15.491997,73.81800065,24/01/2019,13.5
DNH,WR,20.26657819,73.0166178,24/01/2019,18.8
"Andhra Pradesh",SR,14.7504291,78.57002559,24/01/2019,193.7
Telangana,SR,18.1124,79.0193,24/01/2019,177.3
Karnataka,SR,12.57038129,76.91999711,24/01/2019,214.8
Kerala,SR,8.900372741,76.56999263,24/01/2019,79.5
"Tamil Nadu",SR,12.92038576,79.15004187,24/01/2019,332.7
Pondy,SR,11.93499371,79.83000037,24/01/2019,9.1
Bihar,ER,25.78541445,87.4799727,24/01/2019,105
Jharkhand,ER,23.80039349,86.41998572,24/01/2019,25.9
Odisha,ER,19.82042971,85.90001746,24/01/2019,98
"West Bengal",ER,22.58039044,88.32994665,24/01/2019,175.5
Sikkim,ER,27.3333303,88.6166475,24/01/2019,1.2
"Arunachal Pradesh",NER,27.10039878,93.61660071,24/01/2019,2.3
Assam,NER,26.7499809,94.21666744,24/01/2019,21.3
Manipur,NER,24.79997072,93.95001705,24/01/2019,2.5
Meghalaya,NER,25.57049217,91.8800142,24/01/2019,5.6
Mizoram,NER,23.71039899,92.72001461,24/01/2019,1.6
Nagaland,NER,25.6669979,94.11657019,24/01/2019,2.2
Tripura,NER,23.83540428,91.27999914,24/01/2019,4.5
Punjab,NR,31.51997398,75.98000281,25/01/2019,134.3
Haryana,NR,28.45000633,77.01999101,25/01/2019,155.2
Rajasthan,NR,26.44999921,74.63998124,25/01/2019,232.4
Delhi,NR,28.6699929,77.23000403,25/01/2019,114.2
UP,NR,27.59998069,78.05000565,25/01/2019,408.7
Uttarakhand,NR,30.32040895,78.05000565,25/01/2019,40.2
HP,NR,31.10002545,77.16659704,25/01/2019,25.7
J&K,NR,33.45,76.24,25/01/2019,43.7
Chandigarh,NR,30.71999697,76.78000565,25/01/2019,5.1
Chhattisgarh,WR,22.09042035,82.15998734,25/01/2019,103.7
Gujarat,WR,22.2587,71.1924,25/01/2019,380.2
MP,WR,21.30039105,76.13001949,25/01/2019,218.4
Maharashtra,WR,19.25023195,73.16017493,25/01/2019,456
Goa,WR,15.491997,73.81800065,25/01/2019,13.5
DNH,WR,20.26657819,73.0166178,25/01/2019,17.4
"Andhra Pradesh",SR,14.7504291,78.57002559,25/01/2019,176.4
Telangana,SR,18.1124,79.0193,25/01/2019,160.9
Karnataka,SR,12.57038129,76.91999711,25/01/2019,180.6
Kerala,SR,8.900372741,76.56999263,25/01/2019,74.8
"Tamil Nadu",SR,12.92038576,79.15004187,25/01/2019,298.4
Pondy,SR,11.93499371,79.83000037,25/01/2019,6.6
Bihar,ER,25.78541445,87.4799727,25/01/2019,102.1
Jharkhand,ER,23.80039349,86.41998572,25/01/2019,23.2
Odisha,ER,19.82042971,85.90001746,25/01/2019,97.1
"West Bengal",ER,22.58039044,88.32994665,25/01/2019,161.2
Sikkim,ER,27.3333303,88.6166475,25/01/2019,0.9
"Arunachal Pradesh",NER,27.10039878,93.61660071,25/01/2019,2.2
Assam,NER,26.7499809,94.21666744,25/01/2019,18.7
Manipur,NER,24.79997072,93.95001705,25/01/2019,2.4
Meghalaya,NER,25.57049217,91.8800142,25/01/2019,4.9
Mizoram,NER,23.71039899,92.72001461,25/01/2019,1.7
Nagaland,NER,25.6669979,94.11657019,25/01/2019,2.1
Tripura,NER,23.83540428,91.27999914,25/01/2019,4.9
Punjab,NR,31.51997398,75.98000281,26/01/2019,135.9
Haryana,NR,28.45000633,77.01999101,26/01/2019,143.2
Rajasthan,NR,26.44999921,74.63998124,26/01/2019,229.6
Delhi,NR,28.6699929,77.23000403,26/01/2019,112.7
UP,NR,27.59998069,78.05000565,26/01/2019,373.4
Uttarakhand,NR,30.32040895,78.05000565,26/01/2019,35.5
HP,NR,31.10002545,77.16659704,26/01/2019,26.2
J&K,NR,33.45,76.24,26/01/2019,43.1
Chandigarh,NR,30.71999697,76.78000565,26/01/2019,4.7
Chhattisgarh,WR,22.09042035,82.15998734,26/01/2019,105.8
Gujarat,WR,22.2587,71.1924,26/01/2019,380.6
MP,WR,21.30039105,76.13001949,26/01/2019,219.8
Maharashtra,WR,19.25023195,73.16017493,26/01/2019,485.9
Goa,WR,15.491997,73.81800065,26/01/2019,13.5
DNH,WR,20.26657819,73.0166178,26/01/2019,18.1
"Andhra Pradesh",SR,14.7504291,78.57002559,26/01/2019,172.4
Telangana,SR,18.1124,79.0193,26/01/2019,165.2
Karnataka,SR,12.57038129,76.91999711,26/01/2019,209.6
Kerala,SR,8.900372741,76.56999263,26/01/2019,80.7
"Tamil Nadu",SR,12.92038576,79.15004187,26/01/2019,330
Pondy,SR,11.93499371,79.83000037,26/01/2019,7.4
Bihar,ER,25.78541445,87.4799727,26/01/2019,100.1
Jharkhand,ER,23.80039349,86.41998572,26/01/2019,25
Odisha,ER,19.82042971,85.90001746,26/01/2019,87.7
"West Bengal",ER,22.58039044,88.32994665,26/01/2019,169.5
Sikkim,ER,27.3333303,88.6166475,26/01/2019,1.2
"Arunachal Pradesh",NER,27.10039878,93.61660071,26/01/2019,2.2
Assam,NER,26.7499809,94.21666744,26/01/2019,22.3
Manipur,NER,24.79997072,93.95001705,26/01/2019,2.4
Meghalaya,NER,25.57049217,91.8800142,26/01/2019,5.6
Mizoram,NER,23.71039899,92.72001461,26/01/2019,1.6
Nagaland,NER,25.6669979,94.11657019,26/01/2019,2.2
Tripura,NER,23.83540428,91.27999914,26/01/2019,5.4
Punjab,NR,31.51997398,75.98000281,27/01/2019,141.2
Haryana,NR,28.45000633,77.01999101,27/01/2019,138.9
Rajasthan,NR,26.44999921,74.63998124,27/01/2019,226.9
Delhi,NR,28.6699929,77.23000403,27/01/2019,105
UP,NR,27.59998069,78.05000565,27/01/2019,341.6
Uttarakhand,NR,30.32040895,78.05000565,27/01/2019,37.9
HP,NR,31.10002545,77.16659704,27/01/2019,27
J&K,NR,33.45,76.24,27/01/2019,45.3
Chandigarh,NR,30.71999697,76.78000565,27/01/2019,4.7
Chhattisgarh,WR,22.09042035,82.15998734,27/01/2019,98.3
Gujarat,WR,22.2587,71.1924,27/01/2019,379.4
MP,WR,21.30039105,76.13001949,27/01/2019,212.8
Maharashtra,WR,19.25023195,73.16017493,27/01/2019,485.2
Goa,WR,15.491997,73.81800065,27/01/2019,13.5
DNH,WR,20.26657819,73.0166178,27/01/2019,18.2
"Andhra Pradesh",SR,14.7504291,78.57002559,27/01/2019,181
Telangana,SR,18.1124,79.0193,27/01/2019,168.4
Karnataka,SR,12.57038129,76.91999711,27/01/2019,223.4
Kerala,SR,8.900372741,76.56999263,27/01/2019,81.9
"Tamil Nadu",SR,12.92038576,79.15004187,27/01/2019,347.2
Pondy,SR,11.93499371,79.83000037,27/01/2019,8.6
Bihar,ER,25.78541445,87.4799727,27/01/2019,82.8
Jharkhand,ER,23.80039349,86.41998572,27/01/2019,21.4
Odisha,ER,19.82042971,85.90001746,27/01/2019,51.1
"West Bengal",ER,22.58039044,88.32994665,27/01/2019,135.6
Sikkim,ER,27.3333303,88.6166475,27/01/2019,1.3
"Arunachal Pradesh",NER,27.10039878,93.61660071,27/01/2019,2.2
Assam,NER,26.7499809,94.21666744,27/01/2019,23.6
Manipur,NER,24.79997072,93.95001705,27/01/2019,2.4
Meghalaya,NER,25.57049217,91.8800142,27/01/2019,5.6
Mizoram,NER,23.71039899,92.72001461,27/01/2019,1.8
Nagaland,NER,25.6669979,94.11657019,27/01/2019,2.3
Tripura,NER,23.83540428,91.27999914,27/01/2019,4.1
Punjab,NR,31.51997398,75.98000281,28/01/2019,144.5
Haryana,NR,28.45000633,77.01999101,28/01/2019,148.6
Rajasthan,NR,26.44999921,74.63998124,28/01/2019,222.4
Delhi,NR,28.6699929,77.23000403,28/01/2019,100.5
UP,NR,27.59998069,78.05000565,28/01/2019,393.3
Uttarakhand,NR,30.32040895,78.05000565,28/01/2019,41.8
HP,NR,31.10002545,77.16659704,28/01/2019,26.9
J&K,NR,33.45,76.24,28/01/2019,46.2
Chandigarh,NR,30.71999697,76.78000565,28/01/2019,4.4
Chhattisgarh,WR,22.09042035,82.15998734,28/01/2019,94.8
Gujarat,WR,22.2587,71.1924,28/01/2019,377.9
MP,WR,21.30039105,76.13001949,28/01/2019,210
Maharashtra,WR,19.25023195,73.16017493,28/01/2019,485.1
Goa,WR,15.491997,73.81800065,28/01/2019,11.6
DNH,WR,20.26657819,73.0166178,28/01/2019,18.3
"Andhra Pradesh",SR,14.7504291,78.57002559,28/01/2019,189.4
Telangana,SR,18.1124,79.0193,28/01/2019,168.8
Karnataka,SR,12.57038129,76.91999711,28/01/2019,224.5
Kerala,SR,8.900372741,76.56999263,28/01/2019,80.8
"Tamil Nadu",SR,12.92038576,79.15004187,28/01/2019,346.6
Pondy,SR,11.93499371,79.83000037,28/01/2019,8.8
Bihar,ER,25.78541445,87.4799727,28/01/2019,80.4
Jharkhand,ER,23.80039349,86.41998572,28/01/2019,18.7
Odisha,ER,19.82042971,85.90001746,28/01/2019,55.8
"West Bengal",ER,22.58039044,88.32994665,28/01/2019,103.6
Sikkim,ER,27.3333303,88.6166475,28/01/2019,1.1
"Arunachal Pradesh",NER,27.10039878,93.61660071,28/01/2019,2
Assam,NER,26.7499809,94.21666744,28/01/2019,18.7
Manipur,NER,24.79997072,93.95001705,28/01/2019,2.3
Meghalaya,NER,25.57049217,91.8800142,28/01/2019,4.7
Mizoram,NER,23.71039899,92.72001461,28/01/2019,1.5
Nagaland,NER,25.6669979,94.11657019,28/01/2019,2
Tripura,NER,23.83540428,91.27999914,28/01/2019,2.4
Punjab,NR,31.51997398,75.98000281,29/01/2019,139.6
Haryana,NR,28.45000633,77.01999101,29/01/2019,141.8
Rajasthan,NR,26.44999921,74.63998124,29/01/2019,223.8
Delhi,NR,28.6699929,77.23000403,29/01/2019,96.4
UP,NR,27.59998069,78.05000565,29/01/2019,365.3
Uttarakhand,NR,30.32040895,78.05000565,29/01/2019,37.8
HP,NR,31.10002545,77.16659704,29/01/2019,24.7
J&K,NR,33.45,76.24,29/01/2019,43.9
Chandigarh,NR,30.71999697,76.78000565,29/01/2019,4.1
Chhattisgarh,WR,22.09042035,82.15998734,29/01/2019,94.7
Gujarat,WR,22.2587,71.1924,29/01/2019,362.8
MP,WR,21.30039105,76.13001949,29/01/2019,208.6
Maharashtra,WR,19.25023195,73.16017493,29/01/2019,475.9
Goa,WR,15.491997,73.81800065,29/01/2019,10.7
DNH,WR,20.26657819,73.0166178,29/01/2019,18.2
"Andhra Pradesh",SR,14.7504291,78.57002559,29/01/2019,189.8
Telangana,SR,18.1124,79.0193,29/01/2019,163
Karnataka,SR,12.57038129,76.91999711,29/01/2019,215.5
Kerala,SR,8.900372741,76.56999263,29/01/2019,75.3
"Tamil Nadu",SR,12.92038576,79.15004187,29/01/2019,329.5
Pondy,SR,11.93499371,79.83000037,29/01/2019,8.4
Bihar,ER,25.78541445,87.4799727,29/01/2019,87.9
Jharkhand,ER,23.80039349,86.41998572,29/01/2019,23.8
Odisha,ER,19.82042971,85.90001746,29/01/2019,62
"West Bengal",ER,22.58039044,88.32994665,29/01/2019,131.5
Sikkim,ER,27.3333303,88.6166475,29/01/2019,1
"Arunachal Pradesh",NER,27.10039878,93.61660071,29/01/2019,1.8
Assam,NER,26.7499809,94.21666744,29/01/2019,18.3
Manipur,NER,24.79997072,93.95001705,29/01/2019,1.9
Meghalaya,NER,25.57049217,91.8800142,29/01/2019,5
Mizoram,NER,23.71039899,92.72001461,29/01/2019,1.5
Nagaland,NER,25.6669979,94.11657019,29/01/2019,1.9
Tripura,NER,23.83540428,91.27999914,29/01/2019,3.4
Punjab,NR,31.51997398,75.98000281,30/01/2019,60
Haryana,NR,28.45000633,77.01999101,30/01/2019,66.5
Rajasthan,NR,26.44999921,74.63998124,30/01/2019,131.8
Delhi,NR,28.6699929,77.23000403,30/01/2019,41.8
UP,NR,27.59998069,78.05000565,30/01/2019,220.4
Uttarakhand,NR,30.32040895,78.05000565,30/01/2019,16.8
HP,NR,31.10002545,77.16659704,30/01/2019,12.7
J&K,NR,33.45,76.24,30/01/2019,45.3
Chandigarh,NR,30.71999697,76.78000565,30/01/2019,2.2
Chhattisgarh,WR,22.09042035,82.15998734,30/01/2019,71.9
Gujarat,WR,22.2587,71.1924,30/01/2019,203.5
MP,WR,21.30039105,76.13001949,30/01/2019,150.4
Maharashtra,WR,19.25023195,73.16017493,30/01/2019,348.4
Goa,WR,15.491997,73.81800065,30/01/2019,6.9
DNH,WR,20.26657819,73.0166178,30/01/2019,1.6
"Andhra Pradesh",SR,14.7504291,78.57002559,30/01/2019,160.4
Telangana,SR,18.1124,79.0193,30/01/2019,206.5
Karnataka,SR,12.57038129,76.91999711,30/01/2019,215.7
Kerala,SR,8.900372741,76.56999263,30/01/2019,67.8
"Tamil Nadu",SR,12.92038576,79.15004187,30/01/2019,242.7
Pondy,SR,11.93499371,79.83000037,30/01/2019,4
Bihar,ER,25.78541445,87.4799727,30/01/2019,65.3
Jharkhand,ER,23.80039349,86.41998572,30/01/2019,21.9
Odisha,ER,19.82042971,85.90001746,30/01/2019,80.1
"West Bengal",ER,22.58039044,88.32994665,30/01/2019,125.7
Sikkim,ER,27.3333303,88.6166475,30/01/2019,1.1
"Arunachal Pradesh",NER,27.10039878,93.61660071,30/01/2019,1.8
Assam,NER,26.7499809,94.21666744,30/01/2019,20
Manipur,NER,24.79997072,93.95001705,30/01/2019,2.4
Meghalaya,NER,25.57049217,91.8800142,30/01/2019,3.4
Mizoram,NER,23.71039899,92.72001461,30/01/2019,1.6
Nagaland,NER,25.6669979,94.11657019,30/01/2019,1.9
Tripura,NER,23.83540428,91.27999914,30/01/2019,3.4
Punjab,NR,31.51997398,75.98000281,31/01/2019,62.7
Haryana,NR,28.45000633,77.01999101,31/01/2019,68.1
Rajasthan,NR,26.44999921,74.63998124,31/01/2019,141.4
Delhi,NR,28.6699929,77.23000403,31/01/2019,43.1
UP,NR,27.59998069,78.05000565,31/01/2019,220.8
Uttarakhand,NR,30.32040895,78.05000565,31/01/2019,17.3
HP,NR,31.10002545,77.16659704,31/01/2019,12.5
J&K,NR,33.45,76.24,31/01/2019,41.9
Chandigarh,NR,30.71999697,76.78000565,31/01/2019,2.2
Chhattisgarh,WR,22.09042035,82.15998734,31/01/2019,67.8
Gujarat,WR,22.2587,71.1924,31/01/2019,212
MP,WR,21.30039105,76.13001949,31/01/2019,155.6
Maharashtra,WR,19.25023195,73.16017493,31/01/2019,345.2
Goa,WR,15.491997,73.81800065,31/01/2019,6.7
DNH,WR,20.26657819,73.0166178,31/01/2019,1.7
"Andhra Pradesh",SR,14.7504291,78.57002559,31/01/2019,162.7
Telangana,SR,18.1124,79.0193,31/01/2019,203.2
Karnataka,SR,12.57038129,76.91999711,31/01/2019,218.2
Kerala,SR,8.900372741,76.56999263,31/01/2019,69.3
"Tamil Nadu",SR,12.92038576,79.15004187,31/01/2019,244.1
Pondy,SR,11.93499371,79.83000037,31/01/2019,4.2
Bihar,ER,25.78541445,87.4799727,31/01/2019,69.4
Jharkhand,ER,23.80039349,86.41998572,31/01/2019,22.8
Odisha,ER,19.82042971,85.90001746,31/01/2019,76.1
"West Bengal",ER,22.58039044,88.32994665,31/01/2019,126.1
Sikkim,ER,27.3333303,88.6166475,31/01/2019,1.2
"Arunachal Pradesh",NER,27.10039878,93.61660071,31/01/2019,2
Assam,NER,26.7499809,94.21666744,31/01/2019,20.5
Manipur,NER,24.79997072,93.95001705,31/01/2019,2.5
Meghalaya,NER,25.57049217,91.8800142,31/01/2019,3.4
Mizoram,NER,23.71039899,92.72001461,31/01/2019,1.6
Nagaland,NER,25.6669979,94.11657019,31/01/2019,2.1
Tripura,NER,23.83540428,91.27999914,31/01/2019,3.9
Punjab,NR,31.51997398,75.98000281,02/02/2019,63.6
Haryana,NR,28.45000633,77.01999101,02/02/2019,66.7
Rajasthan,NR,26.44999921,74.63998124,02/02/2019,141.3
Delhi,NR,28.6699929,77.23000403,02/02/2019,42.9
UP,NR,27.59998069,78.05000565,02/02/2019,234.8
Uttarakhand,NR,30.32040895,78.05000565,02/02/2019,17.8
HP,NR,31.10002545,77.16659704,02/02/2019,13
J&K,NR,33.45,76.24,02/02/2019,40.2
Chandigarh,NR,30.71999697,76.78000565,02/02/2019,2.3
Chhattisgarh,WR,22.09042035,82.15998734,02/02/2019,72.6
